<?xml version="1.0" encoding="UTF-8"?>
<metadata>
  <idinfo>
    <citation>
      <citeinfo>
        <origin/>
        <pubdate>20070101</pubdate>
        <title>Districts, Tanzania, 2007</title>
        <geoform>vector digital data</geoform>
        <pubinfo>
          <pubplace/>
          <publish>Map Maker Ltd.</publish>
        </pubinfo>
        <onlink>http://purl.stanford.edu/tn398yw9512</onlink>
        <lworkcit>
          <citeinfo>
            <title>The Map Library</title>
          </citeinfo>
        </lworkcit>
      </citeinfo>
    </citation>
    <descript>
      <abstract>This polygon shapefile contains district boundaries for Tanzania as of January 2007. Districts (wilaya) These are the level 2 administrative units (ADM2) for Tanzania. This layer is part of the Map Library dataset containing line and polygon boundaries for individual countries on the African continent.</abstract>
      <purpose>The Map Library is a project of the UK charity “The Map Maker Trust." It aims to make public domain mapping data more readily available for development in all kinds of fields, from health care to urban management, from de-mining to environmental protection.</purpose>
    </descript>
    <timeperd>
      <timeinfo>
        <sngdate>
          <caldate>20070101</caldate>
        </sngdate>
      </timeinfo>
      <current>publication date</current>
    </timeperd>
    <status>
      <progress>Complete</progress>
      <update>Unknown</update>
    </status>
    <spdom>
      <bounding>
        <westbc>29.327170</westbc>
        <eastbc>40.443220</eastbc>
        <northbc>-0.982030</northbc>
        <southbc>-11.745700</southbc>
      </bounding>
    </spdom>
    <keywords>
      <theme>
        <themekt>lcsh</themekt>
        <themekey>Administrative and political divisions</themekey>
      </theme>
      <theme>
        <themekt>ISO 19115 Topic Categories</themekt>
        <themekey>boundaries</themekey>
      </theme>
      <place>
        <placekt>geonames</placekt>
        <placekey>Tanzania</placekey>
      </place>
    </keywords>
    <accconst>This item is in the public domain. There are no restrictions on access or use.</accconst>
    <useconst>None</useconst>
    <ptcontac>
      <cntinfo>
        <cntorgp>
          <cntorg>Map Maker Ltd.</cntorg>
        </cntorgp>
        <cntaddr>
          <addrtype>physical</addrtype>
          <address>The Pier, Carradale, Kintyre</address>
          <city>Argyll</city>
          <postal>PA28 6SQ</postal>
          <country>GB</country>
        </cntaddr>
        <cntvoice>44 (0)1583 431 358</cntvoice>
        <cntemail>info@mapmaker.com</cntemail>
      </cntinfo>
    </ptcontac>
    <datacred>Map Maker Ltd. (2007). Districts, Tanzania, 2007 Map Maker, Ltd. Available at: http://purl.stanford.edu/tn398yw9512.</datacred>
    <native>Microsoft Windows 7 Version 6.1 (Build 7601) Service Pack 1; Esri ArcGIS 10.3.1.4959</native>
  </idinfo>
  <spdoinfo>
    <direct>Vector</direct>
    <ptvctinf>
      <sdtsterm>
        <sdtstype>GT-polygon composed of chains</sdtstype>
        <ptvctcnt>168</ptvctcnt>
      </sdtsterm>
    </ptvctinf>
  </spdoinfo>
  <eainfo>
    <detailed>
      <enttyp>
        <enttypl>TAN</enttypl>
      </enttyp>
      <attr>
        <attrlabl>FID</attrlabl>
        <attrdef>Internal feature number.</attrdef>
        <attrdefs>Esri</attrdefs>
        <attrdomv>
          <udom>Sequential unique whole numbers that are automatically generated.</udom>
        </attrdomv>
      </attr>
      <attr>
        <attrlabl>Shape</attrlabl>
        <attrdef>Feature geometry.</attrdef>
        <attrdefs>Esri</attrdefs>
        <attrdomv>
          <udom>Coordinates defining the features.</udom>
        </attrdomv>
      </attr>
      <attr>
        <attrlabl>ID</attrlabl>
      </attr>
      <attr>
        <attrlabl>LBL</attrlabl>
      </attr>
      <attr>
        <attrlabl>FIP</attrlabl>
      </attr>
      <attr>
        <attrlabl>MMT_ID</attrlabl>
      </attr>
      <attr>
        <attrlabl>SHORT__FRM</attrlabl>
      </attr>
      <attr>
        <attrlabl>LONG_FRM</attrlabl>
      </attr>
      <attr>
        <attrlabl>ADM0</attrlabl>
      </attr>
      <attr>
        <attrlabl>ADM1</attrlabl>
      </attr>
      <attr>
        <attrlabl>ADM2</attrlabl>
      </attr>
      <attr>
        <attrlabl>ADM3</attrlabl>
      </attr>
      <attr>
        <attrlabl>ADM4</attrlabl>
      </attr>
      <attr>
        <attrlabl>ADM5</attrlabl>
      </attr>
      <attr>
        <attrlabl>STL-0</attrlabl>
      </attr>
      <attr>
        <attrlabl>STL-1</attrlabl>
      </attr>
      <attr>
        <attrlabl>STL-2</attrlabl>
      </attr>
      <attr>
        <attrlabl>STL-3</attrlabl>
      </attr>
      <attr>
        <attrlabl>STL-4</attrlabl>
      </attr>
      <attr>
        <attrlabl>STL-5</attrlabl>
      </attr>
    </detailed>
  </eainfo>
  <distinfo>
    <distrib>
      <cntinfo>
        <cntorgp>
          <cntorg>Stanford Geospatial Center</cntorg>
        </cntorgp>
        <cntaddr>
          <addrtype>mailing and physical</addrtype>
          <address>Branner Earth Sciences Library</address>
          <city>Stanford</city>
          <state>California</state>
          <postal>94305</postal>
          <country>US</country>
        </cntaddr>
        <cntvoice>650-723-2746</cntvoice>
        <cntemail>brannerlibrary@stanford.edu</cntemail>
      </cntinfo>
    </distrib>
    <distliab>See access and use constraints information.</distliab>
  </distinfo>
  <metainfo>
    <metd>20170105</metd>
    <metc>
      <cntinfo>
        <cntorgp>
          <cntorg>Stanford Geospatial Center</cntorg>
        </cntorgp>
        <cntaddr>
          <addrtype>mailing and physical</addrtype>
          <address>Branner Earth Sciences Library</address>
          <city>Stanford</city>
          <state>California</state>
          <postal>94305</postal>
          <country>US</country>
        </cntaddr>
        <cntvoice>650-723-2746</cntvoice>
        <cntemail>brannerlibrary@stanford.edu</cntemail>
      </cntinfo>
    </metc>
    <metstdn>FGDC Content Standard for Digital Geospatial Metadata</metstdn>
    <metstdv>FGDC-STD-001-1998</metstdv>
    <mettc>local time</mettc>
  </metainfo>
</metadata>
